track_id,album,album_release_date,track_name
1uhces29ApKuQWFdpiUsvH,From Zero,2024-11-15,From Zero (Intro)
1EDPVGbyPKJPeGqATwXZvN,From Zero,2024-11-15,The Emptiness Machine
5mFZipkX1HZ4Idz5LOWpzq,From Zero,2024-11-15,Cut the Bridge
2HBBM75Xv3o2Mqdyh1NcM0,From Zero,2024-11-15,Heavy Is the Crown
3k4gjmYNJugQRlh2aounZ9,From Zero,2024-11-15,Over Each Other
7BkzAHnNW7WfrT4NcLaUDx,From Zero,2024-11-15,Casualty
7diOv6wm3ngF7Vt6ubK0Sf,From Zero,2024-11-15,Overflow
6i5qhmmF9UNUBRyrPSGn4m,From Zero,2024-11-15,Two Faced
0J1IJsMbKWb5g2sJArTkGF,From Zero,2024-11-15,Stained
7M8eZBRTD9QNasEVReEM0H,From Zero,2024-11-15,IGYEIH
6aCBjSb87RizdH8lVBIRW7,From Zero,2024-11-15,Good Things Go
4XaV4XMROzY1G242gB3Q4K,Papercuts: Instrumentals,2024-06-28,Crawling (Instrumental)
46ppIcCWeyCeNS6BbveSc0,Papercuts: Instrumentals,2024-06-28,Faint (Instrumental)
4ySeTJOYb31uzSdIMw0U3x,Papercuts: Instrumentals,2024-06-28,Numb / Encore (Instrumental)
4B1Uaz5w9HGXtIigc3zyQa,Papercuts: Instrumentals,2024-06-28,Papercut (Instrumental)
3zruk8xsxvYcLOsYjFNl8E,Papercuts: Instrumentals,2024-06-28,Breaking the Habit (Instrumental)
6RUv6gg1Jv1NMT8N5Jv2Wd,Papercuts: Instrumentals,2024-06-28,In the End (Instrumental)
6rmBv18D2JgQy0GWIRwwST,Papercuts: Instrumentals,2024-06-28,Bleed It Out (Instrumental)
7sg2aQZFGgIhDuOZVUGWYO,Papercuts: Instrumentals,2024-06-28,Somewhere I Belong (Instrumental)
6y7mwRBftYgFiAk2QRYOi1,Papercuts: Instrumentals,2024-06-28,Waiting for the End (Instrumental)
0L0yA1cbvbeXUYkrCGa1Zd,Papercuts: Instrumentals,2024-06-28,CASTLE OF GLASS (Instrumental)
0yL46UtgzVtn7npJVQBzSe,Papercuts: Instrumentals,2024-06-28,One More Light (Instrumental)
72yk9NeUJJZXSGB0SypJF1,Papercuts: Instrumentals,2024-06-28,BURN IT DOWN (Instrumental)
5ej37Qdesrc0qmylxRN0xN,Papercuts: Instrumentals,2024-06-28,What I've Done (Instrumental)
5dagCN1KHDSj44Cu2FuFYh,Papercuts: Instrumentals,2024-06-28,QWERTY (Instrumental)
0Lc9LYNJ7X2em2ZGpkuWNf,Papercuts: Instrumentals,2024-06-28,One Step Closer (Instrumental)
6c4Jee41407rtxPMeBUEe5,Papercuts: Instrumentals,2024-06-28,New Divide (Instrumental)
5E89LIlHBmsOhDTu1KoIE5,Papercuts: Instrumentals,2024-06-28,Leave Out All The Rest (Instrumental)
339gEiwLYqFOYxpFfZmgyN,Papercuts: Instrumentals,2024-06-28,Lost (Instrumental)
17uGK232T2oqGTYvh8R2Z3,Papercuts: Instrumentals,2024-06-28,Numb (Instrumental)
3OS7J9Yfp16foCfr8u83bX,Papercuts: Instrumentals,2024-06-28,Friendly Fire (Instrumental)
4yQI9wjNF0gYUHwjNpCLQ9,Papercuts,2024-04-12,Crawling
5C85MPxFAZE5tUcJQB1P30,Papercuts,2024-04-12,Faint
1h94Gt9wygZ7vPFR07fYPG,Papercuts,2024-04-12,Numb / Encore
3MLGWsrThUbVq4Fsr8RIjc,Papercuts,2024-04-12,Papercut
6AaZ2E0giZiHkWVfL8hjF1,Papercuts,2024-04-12,Breaking the Habit
5DXGHZ3QDh0FcLXPMWTv9U,Papercuts,2024-04-12,In the End
3ngEujGXz33Imh6JkEeFfs,Papercuts,2024-04-12,Bleed It Out
3pScwKYtxX21CQBlPr1dx7,Papercuts,2024-04-12,Somewhere I Belong
4g9Rm7ST0lTTJDpQzac48P,Papercuts,2024-04-12,Waiting for the End
5oQNTH2WkhdsCEETc5XriH,Papercuts,2024-04-12,CASTLE OF GLASS
5mvBULQmmnCYlUVTPt5cEU,Papercuts,2024-04-12,One More Light
2YRLXsjjIO7oj1OIEWnmTT,Papercuts,2024-04-12,BURN IT DOWN
3ZihDcSeGEhZPT2zBCt3xo,Papercuts,2024-04-12,What I've Done
5njHkFji5oL7cYrbuHZyaC,Papercuts,2024-04-12,QWERTY
1PVB2vPslanitCuhjvnqxc,Papercuts,2024-04-12,One Step Closer
5wmkQbOUTLjnDsdLeNgtO3,Papercuts,2024-04-12,New Divide
31ymMAWySGsMvIBZ8ry65u,Papercuts,2024-04-12,Leave Out All The Rest
16dALKZMgCknDLnGZI9emn,Papercuts,2024-04-12,Lost
2ULknvs2DJ0L0hLRDYunor,Papercuts,2024-04-12,Numb
7hPBYRCHcBUMT7I5V9Go2s,Papercuts,2024-04-12,Friendly Fire
1or6RDFkPMi3u4KM2LUBr3,Meteora 20th Anniversary Edition,2023-04-07,Foreword
16XJqMv1M2D1seDcPEznfY,Meteora 20th Anniversary Edition,2023-04-07,Don't Stay
1Fv4xhjAOSOV70kE3DW6n8,Meteora 20th Anniversary Edition,2023-04-07,Somewhere I Belong
4eSduoSXJ2F5k39DVAyYGd,Meteora 20th Anniversary Edition,2023-04-07,Lying from You
0YWc5YdBjmGEuojaMJVyRD,Meteora 20th Anniversary Edition,2023-04-07,Hit the Floor
3UfcKpYlyZCnwuIMYApu1f,Meteora 20th Anniversary Edition,2023-04-07,Easier to Run
5tde01mQCdZBAq9FvtjQRo,Meteora 20th Anniversary Edition,2023-04-07,Faint
1KEQ9UIwVhQ3dCzKJ3ORFr,Meteora 20th Anniversary Edition,2023-04-07,Figure.09
2NieHu1SopLwluQhOmVPow,Meteora 20th Anniversary Edition,2023-04-07,Breaking the Habit
3CkopQ1dNbKfqQdVHBLv9e,Meteora 20th Anniversary Edition,2023-04-07,From the Inside
1PWn56rzwuvoRGLDJbphO5,Meteora 20th Anniversary Edition,2023-04-07,Nobody's Listening
5KU5vKLUAUZJEiIoDLmOqC,Meteora 20th Anniversary Edition,2023-04-07,Session
0TTN18FVx6Ibfqzotyneok,Meteora 20th Anniversary Edition,2023-04-07,Numb
6z2GJGDgxen8Ld0DzQmPuD,Meteora 20th Anniversary Edition,2023-04-07,Don't Stay - Live In Texas
3Euo2ZxMvqGBf5nLSjvRXF,Meteora 20th Anniversary Edition,2023-04-07,Somewhere I Belong - Live In Texas
34Ptq4NkBUM5eVVtv6FJex,Meteora 20th Anniversary Edition,2023-04-07,Lying from You - Live In Texas
3wdjj73kg3kBs2tfC274H4,Meteora 20th Anniversary Edition,2023-04-07,Papercut - Live In Texas
0YDorm2AWuGLQYkSoLl7hZ,Meteora 20th Anniversary Edition,2023-04-07,Points of Authority - Live In Texas
05kLqY17FuCOKRbgl7q2bn,Meteora 20th Anniversary Edition,2023-04-07,Runaway - Live In Texas
5D4p2dJlcU11E7IYiKdNOQ,Meteora 20th Anniversary Edition,2023-04-07,Faint - Live In Texas
6TcdhSTgYnWvHVLxoYEDPQ,Meteora 20th Anniversary Edition,2023-04-07,From the Inside - Live In Texas
63dTErJefSRcFYSJVPF88g,Meteora 20th Anniversary Edition,2023-04-07,Figure.09 - Live In Texas
0YLKCq0pqNE6pF0OuioD9I,Meteora 20th Anniversary Edition,2023-04-07,With You - Live In Texas
7rBF49vQ7ZPfwv7fWiaeip,Meteora 20th Anniversary Edition,2023-04-07,By Myself - Live In Texas
2S7ZDc1yUuDKHGhmDiO3VI,Meteora 20th Anniversary Edition,2023-04-07,P5hng Me A*Wy - Live In Texas
6TslgOTNIq6EqOeEw3F04x,Meteora 20th Anniversary Edition,2023-04-07,Numb - Live In Texas
7fhmRWXboTV7xVKRFpPyIU,Meteora 20th Anniversary Edition,2023-04-07,Crawling - Live In Texas
31D359wPGqyI0ZyJSF7xlV,Meteora 20th Anniversary Edition,2023-04-07,In the End - Live In Texas
24Z9OmvvH4ADM5BwTk9l72,Meteora 20th Anniversary Edition,2023-04-07,A Place for My Head - Live In Texas
6jLyCL9maXZRwhnKQXt01m,Meteora 20th Anniversary Edition,2023-04-07,One Step Closer - Live In Texas
2asQi9U32aKSW8o8481zXC,Meteora 20th Anniversary Edition,2023-04-07,Session - Live In Nottingham 2003
45E8GFawcztmdstn8DDFAi,Meteora 20th Anniversary Edition,2023-04-07,Don't Stay - Live In Nottingham 2003
1rIh1LMNXePhDx9kkFDE5S,Meteora 20th Anniversary Edition,2023-04-07,Somewhere I Belong - Live In Nottingham 2003
25HMTmAmRPM8onEtlFrRcT,Meteora 20th Anniversary Edition,2023-04-07,Lying from You - Live In Nottingham 2003
3OZ2BtIAakEbQCTpKwn2Au,Meteora 20th Anniversary Edition,2023-04-07,Papercut - Live In Nottingham 2003
2FI7xtwWJHG4AcHz8BuNPd,Meteora 20th Anniversary Edition,2023-04-07,Points of Authority - Live In Nottingham 2003
1YAGMUCRo4cqUlTApWtbjd,Meteora 20th Anniversary Edition,2023-04-07,Runaway - Live In Nottingham 2003
16unRiTVJa22jShzcAh5ga,Meteora 20th Anniversary Edition,2023-04-07,Faint - Live In Nottingham 2003
4LuRObsPEDCYkfxm9VdzNQ,Meteora 20th Anniversary Edition,2023-04-07,From the Inside - Live In Nottingham 2003
5OP19WdWtkC1okFZko3qFf,Meteora 20th Anniversary Edition,2023-04-07,Hit the Floor - Live In Nottingham 2003
1N4GYBrwbybwCyK8MOSdFI,Meteora 20th Anniversary Edition,2023-04-07,With You - Live In Nottingham 2003
1T5xaBwO0VFy7Ab4lHBSdm,Meteora 20th Anniversary Edition,2023-04-07,Crawling - Live In Nottingham 2003
5mP6DTsuTAYmVRwbcB6kM4,Meteora 20th Anniversary Edition,2023-04-07,In the End - Live In Nottingham 2003
2kWQlCYuLJPUgxxwlaESu8,Meteora 20th Anniversary Edition,2023-04-07,Easier to Run - Live In Nottingham 2003
1lKD0XBHTdr0zB8BFQYRfm,Meteora 20th Anniversary Edition,2023-04-07,A Place for My Head - Live In Nottingham 2003
4ukioc40xBwDg5WAUaVa5Y,Meteora 20th Anniversary Edition,2023-04-07,One Step Closer - Live In Nottingham 2003
1Hzh01woNIZR6PUm9633rs,Meteora 20th Anniversary Edition,2023-04-07,A.06
0H9SbdtxCAWQVuhdbqw0b3,Meteora 20th Anniversary Edition,2023-04-07,Pretty Birdy - Somewhere I Belong 2002 Demo
3o7OVEjVLHxhbSUxXBwPpP,Meteora 20th Anniversary Edition,2023-04-07,Sold My Soul to Yo Mama
1JDsbjR2LSPfIpQ5XCS16W,Meteora 20th Anniversary Edition,2023-04-07,Standing in the Middle
49WLgjpFzrF2gCBZzWw1iv,Hybrid Theory (20th Anniversary Edition),2020-10-09,Papercut
1qIQeMHFw09UjBpgrsrdys,Hybrid Theory (20th Anniversary Edition),2020-10-09,One Step Closer
6NPVVeHetUBa6NhYSaMo1w,Hybrid Theory (20th Anniversary Edition),2020-10-09,With You
0hSDsJ6OC0O4pih8jgT5m7,Hybrid Theory (20th Anniversary Edition),2020-10-09,Points of Authority
1BfzeCKzo8xSvJcYLmnP8f,Hybrid Theory (20th Anniversary Edition),2020-10-09,Crawling
3uO2ODjs7Lqp1DVZ4LtouE,Hybrid Theory (20th Anniversary Edition),2020-10-09,Runaway
6mqhbwoBgTcw1lVqysIlTC,Hybrid Theory (20th Anniversary Edition),2020-10-09,By Myself
6zyrb7dW1IR4Hrc8nXJsln,Hybrid Theory (20th Anniversary Edition),2020-10-09,In the End
1c162st6mztGwnCllaJhcU,Hybrid Theory (20th Anniversary Edition),2020-10-09,A Place for My Head
3QIPgdsvQpX6caei3iNJCe,Hybrid Theory (20th Anniversary Edition),2020-10-09,Forgotten
0aOXvRZZJ2i874kZCvb7Z0,Hybrid Theory (20th Anniversary Edition),2020-10-09,Cure for the Itch
4GQSDgwPgIswz5WvFp7ROO,Hybrid Theory (20th Anniversary Edition),2020-10-09,Pushing Me Away
5crDbY4BQ6pDjYCfG1kyyj,Hybrid Theory (20th Anniversary Edition),2020-10-09,Opening
6NDBZEa5nz6sy1CbCIrbe0,Hybrid Theory (20th Anniversary Edition),2020-10-09,Pts.Of.Athrty - Jay Gordon Reanimation
7AicotfpDogKGfS6N5S3fF,Hybrid Theory (20th Anniversary Edition),2020-10-09,Enth E Nd (Kutmasta Kurt Reanimation) [feat. Motion Man]
6Dh5GC7gUnOVzXBn6SKqly,Hybrid Theory (20th Anniversary Edition),2020-10-09,[Chali]
5Jq2dNGLV7MYp7JUc4Jega,Hybrid Theory (20th Anniversary Edition),2020-10-09,Frgt/10 (Alchemist Reanimation) [feat. Chali 2na]
0NiLFbppboKW7fmsG1fKmF,Hybrid Theory (20th Anniversary Edition),2020-10-09,P5hng Me A*wy (Mike Shinoda Reanimation) [feat. Stephen Richards]
3z4YazJkbpzlQCLFeeXrPi,Hybrid Theory (20th Anniversary Edition),2020-10-09,Plc.4 Mie Hæd (Amp Live Reanimation) [feat. Zion]
46aLUOdBtEab6wAuMohYy9,Hybrid Theory (20th Anniversary Edition),2020-10-09,X-Ecutioner Style (feat. Black Thought)
2hJj4BdCUJxBETb9OWP9nV,Hybrid Theory (20th Anniversary Edition),2020-10-09,H! Vltg3 (Evidence Reanimation) [feat. Pharoahe Monch and DJ Babu]
3nqpkABou9JCeWdSr6xsYC,Hybrid Theory (20th Anniversary Edition),2020-10-09,[Riff Raff]
3R2GJThtA7RLFP21ko1Cvd,Hybrid Theory (20th Anniversary Edition),2020-10-09,Wth>You (Chairman Hahn Reanimation) [feat. Aceyalone]
3du26wz3Rqcdooh2cli8yv,Hybrid Theory (20th Anniversary Edition),2020-10-09,Ntr\mssion
78jQ3BOkQyEDH5FLfaXIeW,Hybrid Theory (20th Anniversary Edition),2020-10-09,Ppr:kut (Cheapshot and Jubacca Reanimation) [feat. Rasco and Planet Asia]
0bRLMjdzjWSsX8joI3jqZ6,Hybrid Theory (20th Anniversary Edition),2020-10-09,Rnw@y (Backyard Bangers Reanimation) [feat. Phoenix Orion]
4BFMKKGTSTlazezCdELF9X,Hybrid Theory (20th Anniversary Edition),2020-10-09,My<Dsmbr (Mickey P. Reanimation) [feat. Kelli Ali]
7toixYEruTisOFLKrLI9pX,Hybrid Theory (20th Anniversary Edition),2020-10-09,[Stef]
1JJ0CGEo4MOxsU7FAvfkpq,Hybrid Theory (20th Anniversary Edition),2020-10-09,By_Myslf (Josh Abraham and Mike Shinoda Reanimation)
12FdO9DtYQ22AMRK38rMYF,Hybrid Theory (20th Anniversary Edition),2020-10-09,Kyur4 Th Ich (Chairman Hahn Reanimation)
7e5Tro36k4sZgtycrvFFHs,Hybrid Theory (20th Anniversary Edition),2020-10-09,1Stp Klosr (The Humble Brothers Reanimation) [feat. Jonathan Davis]
6UHfIy0iHrQ8iDXvUJFkQq,Hybrid Theory (20th Anniversary Edition),2020-10-09,Krwlng (Mike Shinoda Reanimation) [feat. Aaron Lewis]
77QlaJaOiR6cAl8zeF0evm,Hybrid Theory (20th Anniversary Edition),2020-10-09,Carousel - Hybrid Theory EP
1tC6pl3ivmgcxSj4PGmiJR,Hybrid Theory (20th Anniversary Edition),2020-10-09,Technique (Short) - Hybrid Theory EP
67i8fR6kdjaVzSPrqexHAC,Hybrid Theory (20th Anniversary Edition),2020-10-09,Step Up - Hybrid Theory EP
0h4BEv6xL4dkHhdUP3GaOU,Hybrid Theory (20th Anniversary Edition),2020-10-09,And One - Hybrid Theory EP
7b9d6ZvzsRGy9YehdsLwhQ,Hybrid Theory (20th Anniversary Edition),2020-10-09,High Voltage - Hybrid Theory EP
3KS0xvLYYnhpGWLiMyv360,Hybrid Theory (20th Anniversary Edition),2020-10-09,Part of Me - Hybrid Theory EP
2nNxukFZizofaXAZzNPATS,Hybrid Theory (20th Anniversary Edition),2020-10-09,One Step Closer (Rock Mix) - B-Side Rarities
0eJi1RvFCgcd555HkmsK8j,Hybrid Theory (20th Anniversary Edition),2020-10-09,It's Goin' Down (feat. Mike Shinoda and Mr. Hahn) - B-Side Rarities
5lfno3QZzPZ0g7p2ulLBP5,Hybrid Theory (20th Anniversary Edition),2020-10-09,Papercut (Live from the BBC) - B-Side Rarities
3uPwjOj3eqVQChOTHpMYKN,Hybrid Theory (20th Anniversary Edition),2020-10-09,In The End (Live BBC Radio One) - B-Side Rarities
7y8Sjxbfmg4mahaobhAirB,Hybrid Theory (20th Anniversary Edition),2020-10-09,Points of Authority (Live BBC Radio One) - B-Side Rarities
22LEp6BaCNmteFWIGBoGx2,Hybrid Theory (20th Anniversary Edition),2020-10-09,High Voltage - B-Side Rarities
6bObaYMFvVT1CilvkuVXzI,Hybrid Theory (20th Anniversary Edition),2020-10-09,Step Up (1999 Demo) - B-Side Rarities
3fY3mY4ER7KIuoz4yTvq9G,Hybrid Theory (20th Anniversary Edition),2020-10-09,My December - B-Side Rarities
6ply1w2Q2wKTu4sNZpRGTf,Hybrid Theory (20th Anniversary Edition),2020-10-09,"A Place for My Head (Live at Docklands Arena, London) - B-Side Rarities"
45f2AYPLVviUWTG3COknLO,Hybrid Theory (20th Anniversary Edition),2020-10-09,"Points of Authority (Live at Docklands Arena, London) - B-Side Rarities"
4qU24OCoz7oG5KghT4FpqT,Hybrid Theory (20th Anniversary Edition),2020-10-09,"Papercut (Live at Docklands Arena, London) - B-Side Rarities"
0ALzErEpvwCoRvXogdlBup,Hybrid Theory (20th Anniversary Edition),2020-10-09,Buy Myself (Marilyn Manson Remix) - B-Side Rarities
1DVXrmuh4umsD96KRTsGHl,One More Light Live,2017-12-15,Talking to Myself - One More Light Live
0zKs47fghFBtrEpxyUR1Wz,One More Light Live,2017-12-15,Burn It Down - One More Light Live
7mXJEniTl79NSO50M2HjBU,One More Light Live,2017-12-15,Battle Symphony - One More Light Live
6dWGJ5acTiipYqVpNyOTKd,One More Light Live,2017-12-15,New Divide - One More Light Live
5BXGP4IsPuXSVNQYZLQCuD,One More Light Live,2017-12-15,Invisible - One More Light Live
6LYZAzd9FoPEecenhggMsy,One More Light Live,2017-12-15,Nobody Can Save Me - One More Light Live
1r8qywTSOGQvFxQnzcyiBj,One More Light Live,2017-12-15,One More Light - One More Light Live
0w4ZwKHHEkXtvHMNUjFPdB,One More Light Live,2017-12-15,Crawling - One More Light Live
3KVVhZUYs77OSujKlvWEXy,One More Light Live,2017-12-15,Leave Out All The Rest - One More Light Live
4IlB0WKdchGUPa4WoAYy5D,One More Light Live,2017-12-15,Good Goodbye (feat. Stormzy) - One More Light Live
3WiZLAoMqPPN2ZIHEBYbkU,One More Light Live,2017-12-15,What I've Done - One More Light Live
2lWX5GTGfy6QGkwOzJORBC,One More Light Live,2017-12-15,In the End - One More Light Live
0OdZJLUjIwcp9zUM9cXLia,One More Light Live,2017-12-15,Sharp Edges - One More Light Live
3r7ob3H6WJJA0mf8eT9jQZ,One More Light Live,2017-12-15,Numb - One More Light Live
1DXkvUT5CjmVqqMuW1NjwI,One More Light Live,2017-12-15,Heavy - One More Light Live
3DS8KFBg3J8IfRW5u8Cu2l,One More Light Live,2017-12-15,Bleed It Out - One More Light Live
3dJj6o9o1fRgrojWjailuz,One More Light,2017-05-19,Nobody Can Save Me
650OeHTLxZAQmb4aEbGmaA,One More Light,2017-05-19,Good Goodbye (feat. Pusha T and Stormzy)
7nAfXgeHfDO50upcOjJOaq,One More Light,2017-05-19,Talking to Myself
3FQCJI2t5LTbsRPfYVBSVB,One More Light,2017-05-19,Battle Symphony
6OocN63GLU7NF0wHdewhID,One More Light,2017-05-19,Invisible
104buTcnP2AsxqB7U1FIZ4,One More Light,2017-05-19,Heavy (feat. Kiiara)
34isqXjbTstbYwl2MfdzDq,One More Light,2017-05-19,Sorry for Now
1KvyBpAxgllKW7bQb0GYCR,One More Light,2017-05-19,Halfway Right
3xXBsjrbG1xQIm1xv1cKOt,One More Light,2017-05-19,One More Light
6c0I7CfL9ziGZN8yYkLppP,One More Light,2017-05-19,Sharp Edges
7tfIKvebrzgBzxNZe1Hyox,The Hunting Party: Acapellas + Instrumentals,2014-06-09,Keys to the Kingdom - Acapella
1iRceKmgsTM0Jzdffv67in,The Hunting Party: Acapellas + Instrumentals,2014-06-09,All for Nothing (feat. Page Hamilton) - Acapella
7lh5Qtd8qLz5pgXKJt5Jec,The Hunting Party: Acapellas + Instrumentals,2014-06-09,Guilty All the Same (feat. Rakim) - Acapella
5EzXYmk7GMqhP5IKlNBLIi,The Hunting Party: Acapellas + Instrumentals,2014-06-09,War - Acapella
5ptisa1hZfLqIsAYaBEMWT,The Hunting Party: Acapellas + Instrumentals,2014-06-09,Wastelands - Acapella
1iayd5QSaeKsCEn21bSFmx,The Hunting Party: Acapellas + Instrumentals,2014-06-09,Until It's Gone - Acapella
4XDGzPuDpogrEba7nHWjgK,The Hunting Party: Acapellas + Instrumentals,2014-06-09,Rebellion (feat. Daron Malakian) - Acapella
1JKM9DcIhYQkBEihshkMU4,The Hunting Party: Acapellas + Instrumentals,2014-06-09,Mark the Graves - Acapella
2NUkzVPcw4SRv7XAjswERg,The Hunting Party: Acapellas + Instrumentals,2014-06-09,Final Masquerade - Acapella
7citf5214AFYEe8k5anqu3,The Hunting Party: Acapellas + Instrumentals,2014-06-09,A Line in the Sand - Acapella
5N8EMF3Vno5yCkl2V4Evyb,The Hunting Party: Acapellas + Instrumentals,2014-06-09,Keys to the Kingdom - Instrumental
3qQ3smLfkubCmu1x4oaMSe,The Hunting Party: Acapellas + Instrumentals,2014-06-09,All for Nothing - Instrumental
3xyQawzvHeSMGowhomelrY,The Hunting Party: Acapellas + Instrumentals,2014-06-09,Guilty All the Same - Instrumental
7mJ0Yleg3osX2YFaoOm6dh,The Hunting Party: Acapellas + Instrumentals,2014-06-09,The Summoning - Instrumental
6g0wJaNmyDaD9T0jgu1cH5,The Hunting Party: Acapellas + Instrumentals,2014-06-09,War - Instrumental
1f5JvzsEzhxkarNMnbsIPH,The Hunting Party: Acapellas + Instrumentals,2014-06-09,Wastelands - Instrumental
1TwRzVJbLiSpn1Zvg1qdJT,The Hunting Party: Acapellas + Instrumentals,2014-06-09,Until It's Gone - Instrumental
5NqrrghKiFxeFKnE5pHJHJ,The Hunting Party: Acapellas + Instrumentals,2014-06-09,Rebellion - Instrumental
4RMx1uAqYzktbxwtzeQ6qh,The Hunting Party: Acapellas + Instrumentals,2014-06-09,Mark the Graves - Instrumental
5UPMgH2n4WCfq1qiH2wiRM,The Hunting Party: Acapellas + Instrumentals,2014-06-09,Drawbar - Instrumental
01cQH1jlneRfdx0WEZXdl3,The Hunting Party: Acapellas + Instrumentals,2014-06-09,Final Masquerade - Instrumental
7xoND4TuKzKiLOIMZI2TF9,The Hunting Party: Acapellas + Instrumentals,2014-06-09,A Line in the Sand - Instrumental
2cZXlLwkRmDww37tbEygXl,The Hunting Party,2014-06-09,Keys to the Kingdom
5Rcs3fREgibWujLUlUb8KA,The Hunting Party,2014-06-09,All for Nothing (feat. Page Hamilton)
6L5QMBrydoaapTDMQ0Anui,The Hunting Party,2014-06-09,Guilty All the Same (feat. Rakim)
7wHW68IXAO0vlhXv1PxKFJ,The Hunting Party,2014-06-09,The Summoning
3h5gMWp1KJQkLBgCtG5EgH,The Hunting Party,2014-06-09,War
3S8MFB68isPbRVgaU0MaIW,The Hunting Party,2014-06-09,Wastelands
2n1jBz26dVBtSbMvJNjGsu,The Hunting Party,2014-06-09,Until It's Gone
3zZ009FB8sc8JghwVrbLFq,The Hunting Party,2014-06-09,Rebellion (feat. Daron Malakian)
16AFbRYIdpesOleGTKClHs,The Hunting Party,2014-06-09,Mark the Graves
7MTDaY5oGjo4F8N5r7H8LT,The Hunting Party,2014-06-09,Drawbar (feat. Tom Morello)
3aYBjxTMvrEOP0A0UXg9ER,The Hunting Party,2014-06-09,Final Masquerade
4BRvD5QdauTo8EuUvYchu3,The Hunting Party,2014-06-09,A Line in the Sand
3BnBKNItMng824sLx0pUfy,RECHARGED,2013-10-25,A LIGHT THAT NEVER COMES
0tJ8EAv8Kf1mHFXZMofVvZ,RECHARGED,2013-10-25,CASTLE OF GLASS - M. Shinoda Remix
4RYvz692bYUEEyMythKdFE,RECHARGED,2013-10-25,LOST IN THE ECHO - KillSonik Remix
0lHHU21bJhZEnu7O4Tps4H,RECHARGED,2013-10-25,VICTIMIZED - M. Shinoda Remix
6n7zWyWIs43JsKwSe2qzhI,RECHARGED,2013-10-25,I'LL BE GONE (feat. Pusha T) - Vice Remix
322oPcR7x1tFvaVtbNbyuK,RECHARGED,2013-10-25,LIES GREED MISERY - Dirtyphonics Remix
1J7ADXGHxcm0W4ftGL6u8b,RECHARGED,2013-10-25,ROADS UNTRAVELED (feat. Bun B) - Rad Omen Remix
5150defNCFB2QSqEMpVIJ7,RECHARGED,2013-10-25,POWERLESS - Enferno Remix
1buWPBwvTd6VnIdBV48yQM,RECHARGED,2013-10-25,BURN IT DOWN - Tom Swoon Remix
1ndc6g4xuCjSHfGgk2NMvt,RECHARGED,2013-10-25,UNTIL IT BREAKS - Datsik Remix
6jY7IkH2uf1vZPGyqb8wO7,RECHARGED,2013-10-25,SKIN TO BONE (feat. Cody B. Ware and Ryu) - Nick Catchdubs Remix
14VodXDA5aMpRqn2Ogbswo,RECHARGED,2013-10-25,I'LL BE GONE - Schoolboy Remix
3ECYJn1NtdkBmIbqsIeVLR,RECHARGED,2013-10-25,UNTIL IT BREAKS - Money Mark Headphone Remix
4p8YUo0IMnslJNxknDL0ey,RECHARGED,2013-10-25,A LIGHT THAT NEVER COMES - Rick Rubin Reboot
2CY69lML4UsQ90HgVW3Rdz,LIVING THINGS: Acapellas and Instrumentals,2012-06-19,LOST IN THE ECHO - Instrumental
7c18kchI7NRTAOPrGcPzdy,LIVING THINGS: Acapellas and Instrumentals,2012-06-19,IN MY REMAINS - Instrumental
3Sx7miLHvMXU2DZ4iiuhy7,LIVING THINGS: Acapellas and Instrumentals,2012-06-19,BURN IT DOWN - Instrumental
5n4PdP0YlCbUAnZf1x2T8v,LIVING THINGS: Acapellas and Instrumentals,2012-06-19,LIES GREED MISERY - Instrumental
794F2yJqD7OAl0KW25HXMI,LIVING THINGS: Acapellas and Instrumentals,2012-06-19,I'LL BE GONE - Instrumental
40icVPMCc6t7sTAksM6GV5,LIVING THINGS: Acapellas and Instrumentals,2012-06-19,CASTLE OF GLASS - Instrumental
6KF8ibBvZzdimxYEzsJn6N,LIVING THINGS: Acapellas and Instrumentals,2012-06-19,VICTIMIZED - Instrumental
0jqYxxoX9FE3Lp3APmO6b0,LIVING THINGS: Acapellas and Instrumentals,2012-06-19,ROADS UNTRAVELED - Instrumental
4fhHDPpZOibYALigGQ7ui4,LIVING THINGS: Acapellas and Instrumentals,2012-06-19,SKIN TO BONE - Instrumental
5YgO1YFF052bTgAQ1L2sjm,LIVING THINGS: Acapellas and Instrumentals,2012-06-19,UNTIL IT BREAKS - Instrumental
2olJQ8BNzi1ZglbkNmrU5z,LIVING THINGS: Acapellas and Instrumentals,2012-06-19,TINFOIL / POWERLESS - Instrumental
32RrerIkxJXexoS4b4H0wl,LIVING THINGS: Acapellas and Instrumentals,2012-06-19,LOST IN THE ECHO - Acapella
0WcQgWmEWUxHvcYhKRZtTq,LIVING THINGS: Acapellas and Instrumentals,2012-06-19,IN MY REMAINS - Acapella
3kZGc67pfba76tkIGg2brD,LIVING THINGS: Acapellas and Instrumentals,2012-06-19,BURN IT DOWN - Acapella
73pnoa7jon3XjGl7GIWJ3k,LIVING THINGS: Acapellas and Instrumentals,2012-06-19,LIES GREED MISERY - Acapella
4pu54AJZCQsMD1BZiuOvPZ,LIVING THINGS: Acapellas and Instrumentals,2012-06-19,I'LL BE GONE - Acapella
59AtAEg6zGvLOp2oa1NtZq,LIVING THINGS: Acapellas and Instrumentals,2012-06-19,CASTLE OF GLASS - Acapella
3EPjrE0pAlRrSkkPN7EzLd,LIVING THINGS: Acapellas and Instrumentals,2012-06-19,VICTIMIZED - Acapella
3Beexlj6IkS2CnvPoxgLMR,LIVING THINGS: Acapellas and Instrumentals,2012-06-19,ROADS UNTRAVELED - Acapella
0jw00DFjpx3AjcPtVCS1st,LIVING THINGS: Acapellas and Instrumentals,2012-06-19,SKIN TO BONE - Acapella
4E1qOPflKFdZCWSNiNTs18,LIVING THINGS: Acapellas and Instrumentals,2012-06-19,UNTIL IT BREAKS - Acapella
2IJXHa0lRXjwTCLmGvFk17,LIVING THINGS: Acapellas and Instrumentals,2012-06-19,POWERLESS - Acapella
2oNYsdCasRRlz1shXFAz7D,LIVING THINGS,2012-06-19,LOST IN THE ECHO
00KfIFi2TpAaQGPbRbFbKJ,LIVING THINGS,2012-06-19,IN MY REMAINS
7oVEtyuv9NBmnytsCIsY5I,LIVING THINGS,2012-06-19,BURN IT DOWN
3aZQQWGNShP6IzzaprPlFX,LIVING THINGS,2012-06-19,LIES GREED MISERY
3cQGb2POE359G9WH81bF60,LIVING THINGS,2012-06-19,I'LL BE GONE
1r1fPuhj9H4VdXr7OK6FL5,LIVING THINGS,2012-06-19,CASTLE OF GLASS
35jdp4bY3CABKBroODRq7Y,LIVING THINGS,2012-06-19,VICTIMIZED
1dYw8HTRJnFpeEeMtXj99a,LIVING THINGS,2012-06-19,ROADS UNTRAVELED
4JqgUZ4yZqjeEmgJNsuUjX,LIVING THINGS,2012-06-19,SKIN TO BONE
2ww2xnkptug8KwF6XzEwMq,LIVING THINGS,2012-06-19,UNTIL IT BREAKS
5zoETs17V8PJkeGmB0Iagw,LIVING THINGS,2012-06-19,TINFOIL
4zNk347FJz4yDDcjUhJJMI,LIVING THINGS,2012-06-19,POWERLESS
5qVfqVsvV63u8DRgUliOat,A Thousand Suns Live Around the World,2012-06-19,"The Requiem - Live from London, 2010"
2IRcemSQkebFFSJzKMPuJO,A Thousand Suns Live Around the World,2012-06-19,"Burning in the Skies - Live from Hamburg, 2011"
3W6wt17UMiFX6EdBhMVNk7,A Thousand Suns Live Around the World,2012-06-19,"When They Come for Me - Live from Paris, 2010"
6dwcaaJTC48P2lczqNeKYF,A Thousand Suns Live Around the World,2012-06-19,"Jornada Del Muerto - Live from Hamburg, 2011"
6FtRJ2dpTXiM2CJpCmbNmQ,A Thousand Suns Live Around the World,2012-06-19,"Waiting for the End - Live from Berlin, 2010"
09BTGJncSNugrc4NCJIUz2,A Thousand Suns Live Around the World,2012-06-19,"Blackout - Live from Hamburg, 2011"
1FlxexnEAvFjZ68pIC5V0U,A Thousand Suns Live Around the World,2012-06-19,"Wretches and Kings - Live from Las Vegas, 2011"
5N85ZXYcyE9zb3gTM00ZX0,A Thousand Suns Live Around the World,2012-06-19,"Iridescent - Live from Paris, 2010"
7s0AzAsgCPL2J39J1YVOQ8,A Thousand Suns Live Around the World,2012-06-19,"The Catalyst - Live from Paris, 2010"
1hA4856JVAa0qqgKg6olJf,A Thousand Suns Live Around the World,2012-06-19,"The Messenger - Live from Las Vegas, 2011"
4UQEFUm8AjNHr5C7pHM3pb,Minutes to Midnight Live Around the World,2012-06-12,"Wake - Live from Taipei, 2007"
6ePB1KPRCmBRa2nytGmG2f,Minutes to Midnight Live Around the World,2012-06-12,"Given Up - Live from Taipei, 2009"
0wrNtzrR9SHyYFgModa9Lh,Minutes to Midnight Live Around the World,2012-06-12,"Leave Out All The Rest - Live from Frankfurt, 2008"
7Ci6ZaZoWCRp4bLgH7hCxf,Minutes to Midnight Live Around the World,2012-06-12,"Bleed It Out - Live from Melbourne, 2010"
5T4czn7t6EhWExgLpzqiAD,Minutes to Midnight Live Around the World,2012-06-12,"Shadow of the Day - Live from Melbourne, 2010"
0kJXSHYFvdNseXMoAly9ot,Minutes to Midnight Live Around the World,2012-06-12,"What I've Done - Live from New York, 2008"
7iLjr8XofSp2GIhnVki39S,Minutes to Midnight Live Around the World,2012-06-12,"Hands Held High - Live from Osaka, 2007"
1Iipu8AAvtlXtrrIU94izs,Minutes to Midnight Live Around the World,2012-06-12,"No More Sorrow - Live from Taipei, 2009"
2eappwDbPd9yG8nchwBd6i,Minutes to Midnight Live Around the World,2012-06-12,"Valentine's Day - Live from Amnéville, 2008"
6Vg9jszAlzSbclDQPK2DrI,Minutes to Midnight Live Around the World,2012-06-12,"In Between - Live from Paris, 2008"
77meY6pGfgxUqqx8ErNBaK,Minutes to Midnight Live Around the World,2012-06-12,"In Pieces - Live from Koln, 2008"
4crxUuFCqeLhEy3VbVGhtK,Minutes to Midnight Live Around the World,2012-06-12,"The Little Things Give You Away - Live from Shanghai, 2007"
6LiIstY78Sj6W6cJ8HVETy,Meteora Live Around the World,2012-06-05,"Don't Stay - Live in Shanghai, 2007"
5dQl5ZCgyXQKZR2IJcKdpg,Meteora Live Around the World,2012-06-05,"Somewhere I Belong - Live in Koln, 2008"
17v21SAW5oUOn6XwCtzkxI,Meteora Live Around the World,2012-06-05,"Lying from You - Live in New York, 2008"
6vgL8caXCigDw6THEKqqa4,Meteora Live Around the World,2012-06-05,"Faint - Live in Hamburg, 2011"
0rwncgTIcvArbZoEJiDsbo,Meteora Live Around the World,2012-06-05,"Breaking the Habit - Live in Hamburg, 2011"
1pIp02rdzvluvWaHJ7ZZgM,Meteora Live Around the World,2012-06-05,"From the Inside - Live in Sydney, 2010"
7pEVSKee47uKeqtazaiCnO,Meteora Live Around the World,2012-06-05,"Numb - Live in New York, 2008"
6IBGNhgrzFTYargw9ICM3d,Hybrid Theory Live Around the World,2012-05-31,"Papercut - Live from Paris, 2010"
6CycnO02O5PIh36NNWaAyq,Hybrid Theory Live Around the World,2012-05-31,"One Step Closer - Live from Frankfurt, 2008"
2Bh8s0lAxPVD7Cvs4S0B8P,Hybrid Theory Live Around the World,2012-05-31,"Points of Authority - Live from Sidney, 2007"
7cOy4U8wmklfWrXTBaT31R,Hybrid Theory Live Around the World,2012-05-31,"Crawling - Live from Athens, 2009"
1wKMscFFxqnulkoG3ivXjB,Hybrid Theory Live Around the World,2012-05-31,"In the End - Live from Melbourne, 2010"
1No4slj6rjm5pHvpBl0liW,Hybrid Theory Live Around the World,2012-05-31,"A Place for My Head - Live from Koln, 2008"
4NBdczdUrgSgejgE7NLZmj,Hybrid Theory Live Around the World,2012-05-31,"Cure for the Itch - Live from Perth, 2007"
79y9yqpX1u1QBfzZMGBt0r,Hybrid Theory Live Around the World,2012-05-31,"Pushing Me Away - Live from Dallas, 2007"
56k09emMLjXvPwuVyjR4tn,A Thousand Suns (Bonus Edition),2010-09-08,The Requiem
12wyPGBsfNQMEmFw2ezut7,A Thousand Suns (Bonus Edition),2010-09-08,The Radiance
45Wip7bDtu3hnyGvKyVw2N,A Thousand Suns (Bonus Edition),2010-09-08,Burning in the Skies
4ZMAtS2hylkMvn0DyBRNnO,A Thousand Suns (Bonus Edition),2010-09-08,Empty Spaces
26mWgYHPpUhDWaYS9xxkXG,A Thousand Suns (Bonus Edition),2010-09-08,When They Come for Me
5Z6g6zZwPX6sLw9wU3nJaM,A Thousand Suns (Bonus Edition),2010-09-08,Robot Boy
5DyMj79ijY8WptFX8YJxDS,A Thousand Suns (Bonus Edition),2010-09-08,Jornada Del Muerto
1m8YW1nU72t7wVfhcnxmMB,A Thousand Suns (Bonus Edition),2010-09-08,Waiting for the End
29vUteiVAmoATNgtKNspwU,A Thousand Suns (Bonus Edition),2010-09-08,Blackout
0vRgzWez6fnm5sUtSHc7tu,A Thousand Suns (Bonus Edition),2010-09-08,Wretches and Kings
7Gbjei1p56xPpZ5DOcobdM,A Thousand Suns (Bonus Edition),2010-09-08,"Wisdom, Justice, and Love"
0ZBkcdylzhCQeomLIN4byJ,A Thousand Suns (Bonus Edition),2010-09-08,Iridescent
5oalZAqETYfixh9TIbWeIQ,A Thousand Suns (Bonus Edition),2010-09-08,Fallout
1lpmizSjiSELgfpiV4Hrl4,A Thousand Suns (Bonus Edition),2010-09-08,The Catalyst
0ee40G4B8b2qjY0mWWc6ss,A Thousand Suns (Bonus Edition),2010-09-08,The Messenger
2CtNB8Fg3FB9IeT2aUSdR2,A Thousand Suns (Bonus Edition),2010-09-08,"New Divide - Live from La Caja Mágica, Madrid, Spain, 11/7/2010"
6Kj5dYOis2XgxWsQ5ZosFh,A Thousand Suns (Bonus Edition),2010-09-08,"Waiting for the End - Live from La Caja Mágica, Madrid, Spain, 11/7/2010"
2Guic2ezvzJ08yfYMJqWoY,A Thousand Suns (Bonus Edition),2010-09-08,"Breaking the Habit - Live from La Caja Mágica, Madrid, Spain, 11/7/2010"
6apD1rHFvgzkfxfBS6emfT,A Thousand Suns (Bonus Edition),2010-09-08,"The Catalyst - Live from La Caja Mágica, Madrid, Spain, 11/7/2010"
6sACZeHkMxXrKp2LHkZEsa,A Thousand Suns (Bonus Edition),2010-09-08,"In the End - Live from La Caja Mágica, Madrid, Spain, 11/7/2010"
6WAQvn0ALoF0s1q9HHfQ0z,A Thousand Suns (Bonus Edition),2010-09-08,"What I've Done - Live from La Caja Mágica, Madrid, Spain, 11/7/2010"
0zraM3kiqKEEiTNyBVnlHt,A Thousand Suns,2010-09-08,The Requiem
2cJUZUddCR3gZdBoo4buym,A Thousand Suns,2010-09-08,The Radiance
5dhnFKVNR2x9BYqQ6FPpQh,A Thousand Suns,2010-09-08,Burning in the Skies
1dxoNIDuvj8c7sWdHt39W4,A Thousand Suns,2010-09-08,Empty Spaces
1uaIJkuGvwSu7qWHOwCYbV,A Thousand Suns,2010-09-08,When They Come for Me
0YSsNYXDK9ZQaSNEpx9VW4,A Thousand Suns,2010-09-08,Robot Boy
7vIDRSAh5QN20sd7VpzsRq,A Thousand Suns,2010-09-08,Jornada Del Muerto
5JHNg1hxZFT7TDEphhM4wj,A Thousand Suns,2010-09-08,Waiting for the End
7N2zw7Yp5XLbDV1twQrFe7,A Thousand Suns,2010-09-08,Blackout
5U4RjLvUsjYaKu1dKWzSsP,A Thousand Suns,2010-09-08,Wretches and Kings
49vJBI1FecKnhZq5Ga62j5,A Thousand Suns,2010-09-08,"Wisdom, Justice, and Love"
69ZEgPX0hxWXJIqkTlYz41,A Thousand Suns,2010-09-08,Iridescent
5Phqm7iMAdEQ3wxhqas3Nj,A Thousand Suns,2010-09-08,Fallout
5bvgRxco3jgSZ3SP8rueDA,A Thousand Suns,2010-09-08,The Catalyst
0pQZMrYNcfwZbt2Zt0pjaA,A Thousand Suns,2010-09-08,The Messenger
5KrQ4ememR3tu0CvcghC37,Road to Revolution (Live at Milton Keynes),2008-11-21,One Step Closer - Live
0kNBWrrqSJRFFa7Og0AE7s,Road to Revolution (Live at Milton Keynes),2008-11-21,From the Inside - Live
6QaSWSP0vgYskAC5wavVOW,Road to Revolution (Live at Milton Keynes),2008-11-21,No More Sorrow - Live
1hJ9XhIoJx3ZA0Jkd4AyTz,Road to Revolution (Live at Milton Keynes),2008-11-21,Given Up - Live
1jDSKX57oOUIOwxUMTlhBN,Road to Revolution (Live at Milton Keynes),2008-11-21,Lying from You - Live
7kaV7zzQfQcBn8arDIZ5CO,Road to Revolution (Live at Milton Keynes),2008-11-21,Hands Held High - Live
420MWw0PjwBeDBAOSL1QCL,Road to Revolution (Live at Milton Keynes),2008-11-21,Leave Out All The Rest - Live
0ZcnedxtJyygYUGMw2dYl4,Road to Revolution (Live at Milton Keynes),2008-11-21,Numb - Live
1XPf4kPMZmhxXViiv3CfSc,Road to Revolution (Live at Milton Keynes),2008-11-21,The Little Things Give You Away - Live
4ochGpQdr0nAvXSsT3IS9j,Road to Revolution (Live at Milton Keynes),2008-11-21,Breaking the Habit - Live
2rKUZWzBGldWgNJTHO4nUt,Road to Revolution (Live at Milton Keynes),2008-11-21,Shadow of the Day - Live
0kEnNqPqouueauMS6KsXa7,Road to Revolution (Live at Milton Keynes),2008-11-21,Crawling - Live
08DZB5UIoQy4WpUdOevBFZ,Road to Revolution (Live at Milton Keynes),2008-11-21,In the End - Live
3K5iAzOyBIlEz9UERniPYZ,Road to Revolution (Live at Milton Keynes),2008-11-21,Pushing Me Away - Live
03FlTlqfp8fNQfXrvcZFk8,Road to Revolution (Live at Milton Keynes),2008-11-21,What I've Done - Live
54TSw5CeLFZu15srfUyWZ8,Road to Revolution (Live at Milton Keynes),2008-11-21,Numb / Encore - Live
7i5PiN1HgRiYfFI9uYrYoB,Road to Revolution (Live at Milton Keynes),2008-11-21,Jigga What / Faint - Live
6jLGsYXIhfmWkqf0N3cxOF,Road to Revolution (Live at Milton Keynes),2008-11-21,Bleed It Out - Live
2XAplkg69ZFBqAvWkPynGm,Minutes to Midnight (Deluxe Edition),2007-05-14,Wake
3WYAOSW2hvfr07Ww4xLrn1,Minutes to Midnight (Deluxe Edition),2007-05-14,Given Up
4w6jQFJZUBz2nCAjqaXSjF,Minutes to Midnight (Deluxe Edition),2007-05-14,Leave Out All The Rest
04klL0e4Den6eZV9nitQWT,Minutes to Midnight (Deluxe Edition),2007-05-14,Bleed It Out
6VfK6BuYSrjYm2w5hjUWN4,Minutes to Midnight (Deluxe Edition),2007-05-14,Shadow of the Day
1Zeo9glWlcZrqdmTPXoK9o,Minutes to Midnight (Deluxe Edition),2007-05-14,What I've Done
3PvwlVjMxuAqN8rJc84zPg,Minutes to Midnight (Deluxe Edition),2007-05-14,Hands Held High
5ZIcLKQxzyI3nPnivwuylV,Minutes to Midnight (Deluxe Edition),2007-05-14,No More Sorrow
6015DaBwB49tXWlmNPo64w,Minutes to Midnight (Deluxe Edition),2007-05-14,Valentine's Day
1YxwrB0UypHNMghmFM9ZQR,Minutes to Midnight (Deluxe Edition),2007-05-14,In Between
1NxBqfjNr4bFHQbZ65foDt,Minutes to Midnight (Deluxe Edition),2007-05-14,In Pieces
6R1yUVtY4dPrGFOD7Eghrl,Minutes to Midnight (Deluxe Edition),2007-05-14,The Little Things Give You Away
62pPrpXsLR3Hbdw6kkA99L,Minutes to Midnight (Deluxe Edition),2007-05-14,No Roads Left
4dbveKUpOx62SiwXQCALQH,Minutes to Midnight (Deluxe Edition),2007-05-14,Across the Line
2WeNHhMaE0jmPjHKktH0by,Minutes to Midnight (Deluxe Edition),2007-05-14,Given Up - Third Encore Session
5bp8r2lUzk4QOtoFeVPNZB,Minutes to Midnight (Deluxe Edition),2007-05-14,What I've Done - Distorted Remix
